algorithm,operation,march,opt,instructions_median,instructions_min,instructions_max,stack_bytes_max,code_text_bytes,code_data_bytes,runs,status,native_match,source
ML-KEM-512,keypair,rv32im,O2,1030258,1029811,1057039,6032,23072,0,15,PASS,True,PQClean
ML-KEM-512,encaps,rv32im,O2,1098999,1098552,1125780,8672,23072,0,15,PASS,True,PQClean
ML-KEM-512,decaps,rv32im,O2,1273850,1273403,1300631,9424,23072,0,15,PASS,True,PQClean
ML-KEM-768,keypair,rv32im,O2,1668418,1668037,1668959,10128,23348,0,15,PASS,True,PQClean
ML-KEM-768,encaps,rv32im,O2,1814448,1814067,1814989,13280,23348,0,15,PASS,True,PQClean
ML-KEM-768,decaps,rv32im,O2,2046846,2046465,2047387,14352,23348,0,15,PASS,True,PQClean
ML-KEM-1024,keypair,rv32im,O2,2618889,2618075,2645506,15264,24108,0,15,PASS,True,PQClean
ML-KEM-1024,encaps,rv32im,O2,2793824,2793010,2820441,18912,24108,0,15,PASS,True,PQClean
ML-KEM-1024,decaps,rv32im,O2,3090539,3089725,3117156,20464,24108,0,15,PASS,True,PQClean
ML-DSA-44,keypair,rv32im,O2,3599924,3546180,3653553,38192,30552,0,15,PASS,True,PQClean
ML-DSA-44,sign,rv32im,O2,8681277,5219772,21870099,51648,30552,0,15,PASS,True,PQClean
ML-DSA-44,verify,rv32im,O2,3719473,3719290,3719839,35904,30552,0,15,PASS,True,PQClean
ML-DSA-65,keypair,rv32im,O2,6337452,6337041,6338092,60720,30236,0,15,PASS,True,PQClean
ML-DSA-65,sign,rv32im,O2,13211510,8270384,35244216,79312,30236,0,15,PASS,True,PQClean
ML-DSA-65,verify,rv32im,O2,6286155,6285912,6286335,57440,30236,0,15,PASS,True,PQClean
ML-DSA-87,keypair,rv32im,O2,10738533,10684713,10845752,97568,30324,0,15,PASS,True,PQClean
ML-DSA-87,sign,rv32im,O2,16792301,13529276,41779066,122304,30324,0,15,PASS,True,PQClean
ML-DSA-87,verify,rv32im,O2,10806195,10805958,10806465,92528,30324,0,15,PASS,True,PQClean
SLH-DSA-SHA2-128f,keypair,rv32im,O2,23222167,23222167,23222167,3812,52399,0,2,PASS,True,slhdsa-c
SLH-DSA-SHA2-128f,sign,rv32im,O2,543324825,543288658,543360992,4004,52399,0,2,PASS,True,slhdsa-c
SLH-DSA-SHA2-128f,verify,rv32im,O2,32711903,32260888,33162918,3972,52399,0,2,PASS,True,slhdsa-c
SLH-DSA-SHAKE-128f,keypair,rv32im,O2,107134587,107134587,107134587,3520,52399,0,2,PASS,True,slhdsa-c
SLH-DSA-SHAKE-128f,sign,rv32im,O2,2505539889,2504655770,2506424009,3712,52399,0,2,PASS,True,slhdsa-c
SLH-DSA-SHAKE-128f,verify,rv32im,O2,151970634,151793645,152147624,3664,52399,0,2,PASS,True,slhdsa-c
